developer_alex,7d5fdbfa31abe4208f3c592164174388e5c6192ae8f38a2e917fb653f3118a7b
dmytro_admin,109dc0cb3b93d4991cec68751a02ca94d1c1ea4e1a554ae0a222bdfc32738958
roman_sec,8a6ec18863ec54aba92361d85101a24a786b716aa668667d31d6c6aaf19bf855
audit_expert,bcdfee8f4493dc3c9b54968d592edf477a6acb7fa7aea1a865ab06cd811ec4d9
lead_designer,edd5747fb835646c6949071ab5042eba036bc874511ae6f9184ceb94de060303
qa_engineer,9a70fa0d86c608120035756cb8b5ff3cba759c421771c7b5b444b4dbc68f3d90
net_sysadmin,265024c4a2128abf3b07c914e55ec0198fb122080b7d73e3376ed2d7a42c617f
data_analyst,2706927110bd1c79376c8326aec86b717f032a950300248c9eb5bdd730d678f3
cloud_support,5e84ab52f5ceb89b86d729c5f2ca0d79a44f8fc745b717d39411f1e610a305e6
service_bot,6dcf459f221ca6a488240c51c74c90c936b754f457349f5fa922749d3e31c77e
